{
  "accuracy": 0.988255033557047,
  "precision_fake": 0.8358974358974359,
  "recall_fake": 0.9421965317919075,
  "f1_fake": 0.8858695652173914
}